Channel_Lung,Count_CD4CD8Cells,Count_Nuclei,ExecutionTime_01Images,ExecutionTime_02Metadata,ExecutionTime_03NamesAndTypes,ExecutionTime_04Groups,ExecutionTime_05UnmixColors,ExecutionTime_06ImageMath,ExecutionTime_07IdentifyPrimaryObjects,ExecutionTime_09IdentifyPrimaryObjects,ExecutionTime_10OverlayOutlines,ExecutionTime_11OverlayOutlines,ExecutionTime_13SaveImages,ExecutionTime_14SaveImages,ExecutionTime_15SaveImages,ExecutionTime_16SaveImages,FileName_CD4CD8Overlay,FileName_DABStainWithMinThreshold,FileName_HematoxylinStain,FileName_Lung,FileName_NucleiOverlay,Frame_Lung,Group_Index,Group_Length,Group_Number,Height_Lung,ImageNumber,ImageSet_ImageSet,MD5Digest_Lung,Mean_CD4CD8Cells_Location_Center_X,Mean_CD4CD8Cells_Location_Center_Y,Mean_CD4CD8Cells_Location_Center_Z,Mean_Nuclei_Location_Center_X,Mean_Nuclei_Location_Center_Y,Mean_Nuclei_Location_Center_Z,Median_CD4CD8Cells_Location_Center_X,Median_CD4CD8Cells_Location_Center_Y,Median_CD4CD8Cells_Location_Center_Z,Median_Nuclei_Location_Center_X,Median_Nuclei_Location_Center_Y,Median_Nuclei_Location_Center_Z,Metadata_FileLocation,Metadata_Frame,Metadata_Series,ModuleError_01Images,ModuleError_02Metadata,ModuleError_03NamesAndTypes,ModuleError_04Groups,ModuleError_05UnmixColors,ModuleError_06ImageMath,ModuleError_07IdentifyPrimaryObjects,ModuleError_09IdentifyPrimaryObjects,ModuleError_10OverlayOutlines,ModuleError_11OverlayOutlines,ModuleError_13SaveImages,ModuleError_14SaveImages,ModuleError_15SaveImages,ModuleError_16SaveImages,PathName_CD4CD8Overlay,PathName_DABStainWithMinThreshold,PathName_HematoxylinStain,PathName_Lung,PathName_NucleiOverlay,ProcessingStatus,Scaling_Lung,Series_Lung,StDev_CD4CD8Cells_Location_Center_X,StDev_CD4CD8Cells_Location_Center_Y,StDev_CD4CD8Cells_Location_Center_Z,StDev_Nuclei_Location_Center_X,StDev_Nuclei_Location_Center_Y,StDev_Nuclei_Location_Center_Z,Threshold_FinalThreshold_CD4CD8Cells,Threshold_FinalThreshold_Nuclei,Threshold_OrigThreshold_CD4CD8Cells,Threshold_OrigThreshold_Nuclei,Threshold_SumOfEntropies_CD4CD8Cells,Threshold_SumOfEntropies_Nuclei,Threshold_WeightedVariance_CD4CD8Cells,Threshold_WeightedVariance_Nuclei,URL_CD4CD8Overlay,URL_DABStainWithMinThreshold,URL_HematoxylinStain,URL_Lung,URL_NucleiOverlay,Width_Lung
-2,28.0,937.0,0.0,0.0,1.0,0.0,0.890625,0.015625,2.953125,3.78125,0.125,0.15625,2.28125,2.4375,0.140625,0.375,BNT CD4 Image2_CD4CD8Overlay.png,BNT CD4 Image2_DABStainWithMinThreshold.png,BNT CD4 Image2_HematoxylinStain.png,BNT CD4 Image2.tif,BNT CD4 Image2_NucleiOverlay.png,0,1,14,1,1536,1,b'eLv8+u+TG01QA1ltGOmVZKaBS36Yw4FBA3IQZlUCYoBdbmeDKJGDUtOoVDGA3AC2GUSDgx7IgFZtOOoCmlRQCqBgLy5ITE4l1zRgACFXblCzbfSRBW0gVZ6ukY0+tPLTR/UNUACHr0Ep2w4A58MLtw==',6d2835aa3bf7ecd59645bf917b249544,1188.0023829182853,741.0361559334989,0.0,1057.6672955411036,770.5271369185251,0.0,1423.99265944645,643.6722775175645,0.0,1068.8328611898016,734.4978902953586,0.0,file:///C:/Users/Brandon/Desktop/IHC%20of%20lung/W-O%20scale%20bar/BNT%20CD4/BNT%20CD4%20Image2.tif,0,0,0,0,0,0,0,0,0,0,0,0,0,0,0,0,c:\users\brandon\desktop\ihc of lung\analyze lung ihc - 091322 cd4\BNT CD4,c:\users\brandon\desktop\ihc of lung\analyze lung ihc - 091322 cd4\BNT CD4,c:\users\brandon\desktop\ihc of lung\analyze lung ihc - 091322 cd4\BNT CD4,C:\Users\Brandon\Desktop\IHC of lung\W-O scale bar\BNT CD4,c:\users\brandon\desktop\ihc of lung\analyze lung ihc - 091322 cd4\BNT CD4,Done,255,0,605.2999149275834,437.99286329761514,0.0,577.7141458031315,431.9207219380594,0.0,0.126581072807312,0.3505634069442749,0.12658107,0.3505634,-11.794274488310663,-9.540069390184177,0.18461105985620901,0.09321856866958757,file:///C:/users/brandon/desktop/ihc%20of%20lung/analyze%20lung%20ihc%20-%20091322%20cd4/BNT%20CD4/BNT%20CD4%20Image2_CD4CD8Overlay.png,file:///C:/users/brandon/desktop/ihc%20of%20lung/analyze%20lung%20ihc%20-%20091322%20cd4/BNT%20CD4/BNT%20CD4%20Image2_DABStainWithMinThreshold.png,file:///C:/users/brandon/desktop/ihc%20of%20lung/analyze%20lung%20ihc%20-%20091322%20cd4/BNT%20CD4/BNT%20CD4%20Image2_HematoxylinStain.png,file:///C:/Users/Brandon/Desktop/IHC%20of%20lung/W-O%20scale%20bar/BNT%20CD4/BNT%20CD4%20Image2.tif,file:///C:/users/brandon/desktop/ihc%20of%20lung/analyze%20lung%20ihc%20-%20091322%20cd4/BNT%20CD4/BNT%20CD4%20Image2_NucleiOverlay.png,2040
-2,51.0,1075.0,0.0,0.0,1.234375,0.0,1.171875,0.015625,3.359375,5.125,0.140625,0.15625,2.4375,2.6875,0.15625,0.46875,BNT CD4 Image3_CD4CD8Overlay.png,BNT CD4 Image3_DABStainWithMinThreshold.png,BNT CD4 Image3_HematoxylinStain.png,BNT CD4 Image3.tif,BNT CD4 Image3_NucleiOverlay.png,0,2,14,1,1536,2,b'eLv8+u+TG01QA1ltGOuVZKaBS36Yw4FBA3IQZlUCYoBdbmeDKJGDUtOoVDGA3AC2GUSDgx7IgFZtOOoCmlRQCqBgLy5ITE4l1zRgACFXblCzbfSRBW0gVZ6ukY0+tPLTR/UNUACHr0Ep2w4A6XsLuA==',175022e8a728d96e07f0fbcc12cd4fac,958.8488462659386,745.6482176385305,0.0,1003.2680871429485,794.1901708932495,0.0,750.8324742268042,764.46110056926,0.0,1006.0231481481482,807.0769230769231,0.0,file:///C:/Users/Brandon/Desktop/IHC%20of%20lung/W-O%20scale%20bar/BNT%20CD4/BNT%20CD4%20Image3.tif,0,0,0,0,0,0,0,0,0,0,0,0,0,0,0,0,c:\users\brandon\desktop\ihc of lung\analyze lung ihc - 091322 cd4\BNT CD4,c:\users\brandon\desktop\ihc of lung\analyze lung ihc - 091322 cd4\BNT CD4,c:\users\brandon\desktop\ihc of lung\analyze lung ihc - 091322 cd4\BNT CD4,C:\Users\Brandon\Desktop\IHC of lung\W-O scale bar\BNT CD4,c:\users\brandon\desktop\ihc of lung\analyze lung ihc - 091322 cd4\BNT CD4,Done,255,0,509.0403698707978,359.9827735906718,0.0,556.9855305219153,420.22204915726763,0.0,0.14502495527267456,0.3717835545539856,0.14502496,0.37178355,-11.543542046320137,-9.471590400112385,0.276190700874705,0.10996079420375264,file:///C:/users/brandon/desktop/ihc%20of%20lung/analyze%20lung%20ihc%20-%20091322%20cd4/BNT%20CD4/BNT%20CD4%20Image3_CD4CD8Overlay.png,file:///C:/users/brandon/desktop/ihc%20of%20lung/analyze%20lung%20ihc%20-%20091322%20cd4/BNT%20CD4/BNT%20CD4%20Image3_DABStainWithMinThreshold.png,file:///C:/users/brandon/desktop/ihc%20of%20lung/analyze%20lung%20ihc%20-%20091322%20cd4/BNT%20CD4/BNT%20CD4%20Image3_HematoxylinStain.png,file:///C:/Users/Brandon/Desktop/IHC%20of%20lung/W-O%20scale%20bar/BNT%20CD4/BNT%20CD4%20Image3.tif,file:///C:/users/brandon/desktop/ihc%20of%20lung/analyze%20lung%20ihc%20-%20091322%20cd4/BNT%20CD4/BNT%20CD4%20Image3_NucleiOverlay.png,2040
-2,59.0,1163.0,0.0,0.0,1.25,0.0,1.171875,0.015625,3.578125,5.703125,0.140625,0.15625,2.34375,2.5,0.203125,0.453125,BNT CD4 Image4_CD4CD8Overlay.png,BNT CD4 Image4_DABStainWithMinThreshold.png,BNT CD4 Image4_HematoxylinStain.png,BNT CD4 Image4.tif,BNT CD4 Image4_NucleiOverlay.png,0,3,14,1,1536,3,b'eLv8+u+TG01QA1ltmOiVZKaBS36Yw4FBA3IQZlUCYoBdbmeDKJGDUtOoVDGA3AC2GUSDgx7IgFZtOOoCmlRQCqBgLy5ITE4l1zRgACFXblCzbfSRBW0gVZ6ukY0+tPLTR/UNUACHr0Ep2w4A6zMLuQ==',90cd544b1d747023ebce7208c368a2eb,1099.057757926957,680.8216555767898,0.0,988.6169112844414,805.4978053831154,0.0,1177.17843866171,620.9161849710982,0.0,971.8249027237354,800.5092105263158,0.0,file:///C:/Users/Brandon/Desktop/IHC%20of%20lung/W-O%20scale%20bar/BNT%20CD4/BNT%20CD4%20Image4.tif,0,0,0,0,0,0,0,0,0,0,0,0,0,0,0,0,c:\users\brandon\desktop\ihc of lung\analyze lung ihc - 091322 cd4\BNT CD4,c:\users\brandon\desktop\ihc of lung\analyze lung ihc - 091322 cd4\BNT CD4,c:\users\brandon\desktop\ihc of lung\analyze lung ihc - 091322 cd4\BNT CD4,C:\Users\Brandon\Desktop\IHC of lung\W-O scale bar\BNT CD4,c:\users\brandon\desktop\ihc of lung\analyze lung ihc - 091322 cd4\BNT CD4,Done,255,0,632.6616446839695,429.306549730459,0.0,544.2684463635923,415.79107212530147,0.0,0.12376794219017029,0.3370976746082306,0.12376794,0.33709767,-11.843982845341113,-9.87027932236207,0.3267753714129903,0.14333177057455673,file:///C:/users/brandon/desktop/ihc%20of%20lung/analyze%20lung%20ihc%20-%20091322%20cd4/BNT%20CD4/BNT%20CD4%20Image4_CD4CD8Overlay.png,file:///C:/users/brandon/desktop/ihc%20of%20lung/analyze%20lung%20ihc%20-%20091322%20cd4/BNT%20CD4/BNT%20CD4%20Image4_DABStainWithMinThreshold.png,file:///C:/users/brandon/desktop/ihc%20of%20lung/analyze%20lung%20ihc%20-%20091322%20cd4/BNT%20CD4/BNT%20CD4%20Image4_HematoxylinStain.png,file:///C:/Users/Brandon/Desktop/IHC%20of%20lung/W-O%20scale%20bar/BNT%20CD4/BNT%20CD4%20Image4.tif,file:///C:/users/brandon/desktop/ihc%20of%20lung/analyze%20lung%20ihc%20-%20091322%20cd4/BNT%20CD4/BNT%20CD4%20Image4_NucleiOverlay.png,2040
-2,127.0,1058.0,0.0,0.0,1.28125,0.0,1.25,0.015625,3.609375,5.4375,0.15625,0.15625,2.109375,2.15625,0.25,0.40625,BNT CD4 Image5_CD4CD8Overlay.png,BNT CD4 Image5_DABStainWithMinThreshold.png,BNT CD4 Image5_HematoxylinStain.png,BNT CD4 Image5.tif,BNT CD4 Image5_NucleiOverlay.png,0,4,14,1,1536,4,b'eLv8+u+TG01QA1ltmOqVZKaBS36Yw4FBA3IQZlUCYoBdbmeDKJGDUtOoVDGA3AC2GUSDgx7IgFZtOOoCmlRQCqBgLy5ITE4l1zRgACFXblCzbfSRBW0gVZ6ukY0+tPLTR/UNUACHr0Ep2w4A7OsLug==',7051db747389c4f6e62475955ad2d08b,622.5239131812966,637.1948577255085,0.0,990.3080536884527,787.8686807645917,0.0,448.05413105413106,569.4835164835165,0.0,989.8017464865602,815.9855101860835,0.0,file:///C:/Users/Brandon/Desktop/IHC%20of%20lung/W-O%20scale%20bar/BNT%20CD4/BNT%20CD4%20Image5.tif,0,0,0,0,0,0,0,0,0,0,0,0,0,0,0,0,c:\users\brandon\desktop\ihc of lung\analyze lung ihc - 091322 cd4\BNT CD4,c:\users\brandon\desktop\ihc of lung\analyze lung ihc - 091322 cd4\BNT CD4,c:\users\brandon\desktop\ihc of lung\analyze lung ihc - 091322 cd4\BNT CD4,C:\Users\Brandon\Desktop\IHC of lung\W-O scale bar\BNT CD4,c:\users\brandon\desktop\ihc of lung\analyze lung ihc - 091322 cd4\BNT CD4,Done,255,0,509.6356938066971,408.3342777741468,0.0,599.3427438538563,445.31972521307523,0.0,0.10886712372303009,0.35503843426704407,0.10886712,0.35503843,-12.055032419588626,-9.787820555950141,0.7005204517918934,0.12681894280098027,file:///C:/users/brandon/desktop/ihc%20of%20lung/analyze%20lung%20ihc%20-%20091322%20cd4/BNT%20CD4/BNT%20CD4%20Image5_CD4CD8Overlay.png,file:///C:/users/brandon/desktop/ihc%20of%20lung/analyze%20lung%20ihc%20-%20091322%20cd4/BNT%20CD4/BNT%20CD4%20Image5_DABStainWithMinThreshold.png,file:///C:/users/brandon/desktop/ihc%20of%20lung/analyze%20lung%20ihc%20-%20091322%20cd4/BNT%20CD4/BNT%20CD4%20Image5_HematoxylinStain.png,file:///C:/Users/Brandon/Desktop/IHC%20of%20lung/W-O%20scale%20bar/BNT%20CD4/BNT%20CD4%20Image5.tif,file:///C:/users/brandon/desktop/ihc%20of%20lung/analyze%20lung%20ihc%20-%20091322%20cd4/BNT%20CD4/BNT%20CD4%20Image5_NucleiOverlay.png,2040
-2,21.0,957.0,0.0,0.0,0.46875,0.0,0.6875,0.015625,3.578125,4.8125,0.1875,0.1875,3.484375,3.8125,0.125,0.609375,MIT CD4 Image1_CD4CD8Overlay.png,MIT CD4 Image1_DABStainWithMinThreshold.png,MIT CD4 Image1_HematoxylinStain.png,MIT CD4 Image1.tif,MIT CD4 Image1_NucleiOverlay.png,0,5,14,1,1536,5,b'eLv8+u+TG01QNE9Q8MyLYMESlKFeSWYauOSHORwYNCAHYVYlIAbY5XY2iBI5KDWNShUDyA1gm0E0OOiBDGjVhqMuoEkFpQAK9uKCxORUck0DBhBy5QY120YfWdAGUuXpGtnoQys/fVTfAAVw+BqUsu0A+70Lwg==',16dc1968e6b2e85787b140925bc616e9,1188.2143832252164,559.8403537877712,0.0,1049.801507892798,776.9829640003795,0.0,1081.017857142857,570.3659517426273,0.0,1017.4259818731118,805.015015015015,0.0,file:///C:/Users/Brandon/Desktop/IHC%20of%20lung/W-O%20scale%20bar/MIT%20CD4/MIT%20CD4%20Image1.tif,0,0,0,0,0,0,0,0,0,0,0,0,0,0,0,0,c:\users\brandon\desktop\ihc of lung\analyze lung ihc - 091322 cd4\MIT CD4,c:\users\brandon\desktop\ihc of lung\analyze lung ihc - 091322 cd4\MIT CD4,c:\users\brandon\desktop\ihc of lung\analyze lung ihc - 091322 cd4\MIT CD4,C:\Users\Brandon\Desktop\IHC of lung\W-O scale bar\MIT CD4,c:\users\brandon\desktop\ihc of lung\analyze lung ihc - 091322 cd4\MIT CD4,Done,255,0,279.9442850005863,298.85053051325326,0.0,503.8656464753955,416.61510563862277,0.0,0.07331158965826035,0.301210880279541,0.07331159,0.30121088,-12.174880911871524,-9.581859332727436,0.12640358333442028,0.07461331912175238,file:///C:/users/brandon/desktop/ihc%20of%20lung/analyze%20lung%20ihc%20-%20091322%20cd4/MIT%20CD4/MIT%20CD4%20Image1_CD4CD8Overlay.png,file:///C:/users/brandon/desktop/ihc%20of%20lung/analyze%20lung%20ihc%20-%20091322%20cd4/MIT%20CD4/MIT%20CD4%20Image1_DABStainWithMinThreshold.png,file:///C:/users/brandon/desktop/ihc%20of%20lung/analyze%20lung%20ihc%20-%20091322%20cd4/MIT%20CD4/MIT%20CD4%20Image1_HematoxylinStain.png,file:///C:/Users/Brandon/Desktop/IHC%20of%20lung/W-O%20scale%20bar/MIT%20CD4/MIT%20CD4%20Image1.tif,file:///C:/users/brandon/desktop/ihc%20of%20lung/analyze%20lung%20ihc%20-%20091322%20cd4/MIT%20CD4/MIT%20CD4%20Image1_NucleiOverlay.png,2040
-2,17.0,1045.0,0.0,0.0,0.484375,0.0,1.34375,0.015625,4.296875,5.4375,0.1875,0.140625,2.734375,2.9375,0.109375,0.484375,MIT CD4 Image2_CD4CD8Overlay.png,MIT CD4 Image2_DABStainWithMinThreshold.png,MIT CD4 Image2_HematoxylinStain.png,MIT CD4 Image2.tif,MIT CD4 Image2_NucleiOverlay.png,0,6,14,1,1536,6,b'eLv8+u+TG01QNE9Q8MyLYMESlJFeSWYauOSHORwYNCAHYVYlIAbY5XY2iBI5KDWNShUDyA1gm0E0OOiBDGjVhqMuoEkFpQAK9uKCxORUck0DBhBy5QY120YfWdAGUuXpGtnoQys/fVTfAAVw+BqUsu0A/XULww==',7f6d8695829db1f3e9293dfdbebf9ce9,661.7851513885342,546.0827145248604,0.0,940.3446273792033,803.2889174513463,0.0,295.04347826086956,467.18446601941747,0.0,891.0979228486647,785.8896907216495,0.0,file:///C:/Users/Brandon/Desktop/IHC%20of%20lung/W-O%20scale%20bar/MIT%20CD4/MIT%20CD4%20Image2.tif,0,0,0,0,0,0,0,0,0,0,0,0,0,0,0,0,c:\users\brandon\desktop\ihc of lung\analyze lung ihc - 091322 cd4\MIT CD4,c:\users\brandon\desktop\ihc of lung\analyze lung ihc - 091322 cd4\MIT CD4,c:\users\brandon\desktop\ihc of lung\analyze lung ihc - 091322 cd4\MIT CD4,C:\Users\Brandon\Desktop\IHC of lung\W-O scale bar\MIT CD4,c:\users\brandon\desktop\ihc of lung\analyze lung ihc - 091322 cd4\MIT CD4,Done,255,0,591.0608360625251,312.95497329066114,0.0,580.6140242804167,428.7286072962066,0.0,0.08323401212692261,0.3264821171760559,0.08323401,0.32648212,-12.116884356946082,-9.916049976061323,0.11233330951751365,0.07245649188454063,file:///C:/users/brandon/desktop/ihc%20of%20lung/analyze%20lung%20ihc%20-%20091322%20cd4/MIT%20CD4/MIT%20CD4%20Image2_CD4CD8Overlay.png,file:///C:/users/brandon/desktop/ihc%20of%20lung/analyze%20lung%20ihc%20-%20091322%20cd4/MIT%20CD4/MIT%20CD4%20Image2_DABStainWithMinThreshold.png,file:///C:/users/brandon/desktop/ihc%20of%20lung/analyze%20lung%20ihc%20-%20091322%20cd4/MIT%20CD4/MIT%20CD4%20Image2_HematoxylinStain.png,file:///C:/Users/Brandon/Desktop/IHC%20of%20lung/W-O%20scale%20bar/MIT%20CD4/MIT%20CD4%20Image2.tif,file:///C:/users/brandon/desktop/ihc%20of%20lung/analyze%20lung%20ihc%20-%20091322%20cd4/MIT%20CD4/MIT%20CD4%20Image2_NucleiOverlay.png,2040
-2,19.0,989.0,0.0,0.0,0.53125,0.0,1.5,0.03125,4.09375,5.25,0.125,0.15625,2.984375,3.0625,0.140625,0.46875,MIT CD4 Image3_CD4CD8Overlay.png,MIT CD4 Image3_DABStainWithMinThreshold.png,MIT CD4 Image3_HematoxylinStain.png,MIT CD4 Image3.tif,MIT CD4 Image3_NucleiOverlay.png,0,7,14,1,1536,7,b'eLv8+u+TG01QNE9Q8MyLYMESlLFeSWYauOSHORwYNCAHYVYlIAbY5XY2iBI5KDWNShUDyA1gm0E0OOiBDGjVhqMuoEkFpQAK9uKCxORUck0DBhBy5QY120YfWdAGUuXpGtnoQys/fVTfAAVw+BqUsu0A/y0LxA==',d806de6afc69307737e86d1b9f499dd2,873.867047144235,897.7880284675193,0.0,1001.0972910396421,808.1791536314316,0.0,971.4651442307693,1038.991610738255,0.0,975.989247311828,845.3064295485636,0.0,file:///C:/Users/Brandon/Desktop/IHC%20of%20lung/W-O%20scale%20bar/MIT%20CD4/MIT%20CD4%20Image3.tif,0,0,0,0,0,0,0,0,0,0,0,0,0,0,0,0,c:\users\brandon\desktop\ihc of lung\analyze lung ihc - 091322 cd4\MIT CD4,c:\users\brandon\desktop\ihc of lung\analyze lung ihc - 091322 cd4\MIT CD4,c:\users\brandon\desktop\ihc of lung\analyze lung ihc - 091322 cd4\MIT CD4,C:\Users\Brandon\Desktop\IHC of lung\W-O scale bar\MIT CD4,c:\users\brandon\desktop\ihc of lung\analyze lung ihc - 091322 cd4\MIT CD4,Done,255,0,451.4007543974048,421.3666285704387,0.0,575.0130911005391,435.62890969729006,0.0,0.07827959954738617,0.32248976826667786,0.0782796,0.32248977,-12.202442532592485,-11.74068913584492,0.07184829459037918,0.06905201786852844,file:///C:/users/brandon/desktop/ihc%20of%20lung/analyze%20lung%20ihc%20-%20091322%20cd4/MIT%20CD4/MIT%20CD4%20Image3_CD4CD8Overlay.png,file:///C:/users/brandon/desktop/ihc%20of%20lung/analyze%20lung%20ihc%20-%20091322%20cd4/MIT%20CD4/MIT%20CD4%20Image3_DABStainWithMinThreshold.png,file:///C:/users/brandon/desktop/ihc%20of%20lung/analyze%20lung%20ihc%20-%20091322%20cd4/MIT%20CD4/MIT%20CD4%20Image3_HematoxylinStain.png,file:///C:/Users/Brandon/Desktop/IHC%20of%20lung/W-O%20scale%20bar/MIT%20CD4/MIT%20CD4%20Image3.tif,file:///C:/users/brandon/desktop/ihc%20of%20lung/analyze%20lung%20ihc%20-%20091322%20cd4/MIT%20CD4/MIT%20CD4%20Image3_NucleiOverlay.png,2040
-2,30.0,1063.0,0.0,0.0,0.515625,0.0,1.421875,0.015625,4.40625,5.3125,0.15625,0.15625,2.71875,2.828125,0.140625,0.453125,MIT CD4 Image4_CD4CD8Overlay.png,MIT CD4 Image4_DABStainWithMinThreshold.png,MIT CD4 Image4_HematoxylinStain.png,MIT CD4 Image4.tif,MIT CD4 Image4_NucleiOverlay.png,0,8,14,1,1536,8,b'eLv8+u+TG01QNE9Q8MyLYMESlIleSWYauOSHORwYNCAHYVYlIAbY5XY2iBI5KDWNShUDyA1gm0E0OOiBDGjVhqMuoEkFpQAK9uKCxORUck0DBhBy5QY120YfWdAGUuXpGtnoQys/fVTfAAVw+BqUsu0AAPQLxQ==',903fcaa00faf755d0c1a74e740a5b282,880.2894633857954,1028.9335857339345,0.0,948.5237381855326,789.6253381637486,0.0,661.7136594012933,1097.7356036242375,0.0,891.5174672489082,804.2857142857143,0.0,file:///C:/Users/Brandon/Desktop/IHC%20of%20lung/W-O%20scale%20bar/MIT%20CD4/MIT%20CD4%20Image4.tif,0,0,0,0,0,0,0,0,0,0,0,0,0,0,0,0,c:\users\brandon\desktop\ihc of lung\analyze lung ihc - 091322 cd4\MIT CD4,c:\users\brandon\desktop\ihc of lung\analyze lung ihc - 091322 cd4\MIT CD4,c:\users\brandon\desktop\ihc of lung\analyze lung ihc - 091322 cd4\MIT CD4,C:\Users\Brandon\Desktop\IHC of lung\W-O scale bar\MIT CD4,c:\users\brandon\desktop\ihc of lung\analyze lung ihc - 091322 cd4\MIT CD4,Done,255,0,539.2790470170198,364.11100211178825,0.0,587.2423262376401,428.6454084155478,0.0,0.08699951320886612,0.34223419427871704,0.08699951,0.3422342,-12.084094241816082,-11.936343421279748,0.1458844806100839,0.06037091206806009,file:///C:/users/brandon/desktop/ihc%20of%20lung/analyze%20lung%20ihc%20-%20091322%20cd4/MIT%20CD4/MIT%20CD4%20Image4_CD4CD8Overlay.png,file:///C:/users/brandon/desktop/ihc%20of%20lung/analyze%20lung%20ihc%20-%20091322%20cd4/MIT%20CD4/MIT%20CD4%20Image4_DABStainWithMinThreshold.png,file:///C:/users/brandon/desktop/ihc%20of%20lung/analyze%20lung%20ihc%20-%20091322%20cd4/MIT%20CD4/MIT%20CD4%20Image4_HematoxylinStain.png,file:///C:/Users/Brandon/Desktop/IHC%20of%20lung/W-O%20scale%20bar/MIT%20CD4/MIT%20CD4%20Image4.tif,file:///C:/users/brandon/desktop/ihc%20of%20lung/analyze%20lung%20ihc%20-%20091322%20cd4/MIT%20CD4/MIT%20CD4%20Image4_NucleiOverlay.png,2040
-2,13.0,940.0,0.0,0.0,0.890625,0.0,1.0625,0.015625,4.21875,5.09375,0.171875,0.140625,2.828125,3.03125,0.140625,0.515625,MIT CD4 Image5_CD4CD8Overlay.png,MIT CD4 Image5_DABStainWithMinThreshold.png,MIT CD4 Image5_HematoxylinStain.png,MIT CD4 Image5.tif,MIT CD4 Image5_NucleiOverlay.png,0,9,14,1,1536,9,b'eLv8+u+TG01QNE9Q8MyLYMESlKleSWYauOSHORwYNCAHYVYlIAbY5XY2iBI5KDWNShUDyA1gm0E0OOiBDGjVhqMuoEkFpQAK9uKCxORUck0DBhBy5QY120YfWdAGUuXpGtnoQys/fVTfAAVw+BqUsu0AAqwLxg==',c62ddbeb62a647c540f7e90edc1d4438,1279.7312171127642,730.4369128373256,0.0,1074.9887466532973,802.5952956678276,0.0,1443.2642276422764,679.0503144654089,0.0,1085.6485934065934,819.4912492359167,0.0,file:///C:/Users/Brandon/Desktop/IHC%20of%20lung/W-O%20scale%20bar/MIT%20CD4/MIT%20CD4%20Image5.tif,0,0,0,0,0,0,0,0,0,0,0,0,0,0,0,0,c:\users\brandon\desktop\ihc of lung\analyze lung ihc - 091322 cd4\MIT CD4,c:\users\brandon\desktop\ihc of lung\analyze lung ihc - 091322 cd4\MIT CD4,c:\users\brandon\desktop\ihc of lung\analyze lung ihc - 091322 cd4\MIT CD4,C:\Users\Brandon\Desktop\IHC of lung\W-O scale bar\MIT CD4,c:\users\brandon\desktop\ihc of lung\analyze lung ihc - 091322 cd4\MIT CD4,Done,255,0,525.2996608800299,357.9569771965869,0.0,576.0221170332943,423.56684248902496,0.0,0.08597396314144135,0.3374584913253784,0.08597396,0.3374585,-12.073198589703033,-9.296144556201227,0.06852777689531578,0.054562217389145955,file:///C:/users/brandon/desktop/ihc%20of%20lung/analyze%20lung%20ihc%20-%20091322%20cd4/MIT%20CD4/MIT%20CD4%20Image5_CD4CD8Overlay.png,file:///C:/users/brandon/desktop/ihc%20of%20lung/analyze%20lung%20ihc%20-%20091322%20cd4/MIT%20CD4/MIT%20CD4%20Image5_DABStainWithMinThreshold.png,file:///C:/users/brandon/desktop/ihc%20of%20lung/analyze%20lung%20ihc%20-%20091322%20cd4/MIT%20CD4/MIT%20CD4%20Image5_HematoxylinStain.png,file:///C:/Users/Brandon/Desktop/IHC%20of%20lung/W-O%20scale%20bar/MIT%20CD4/MIT%20CD4%20Image5.tif,file:///C:/users/brandon/desktop/ihc%20of%20lung/analyze%20lung%20ihc%20-%20091322%20cd4/MIT%20CD4/MIT%20CD4%20Image5_NucleiOverlay.png,2040
-2,57.0,1035.0,0.0,0.0,0.671875,0.0,1.78125,0.0,3.953125,5.109375,0.15625,0.171875,2.796875,2.90625,0.125,0.453125,PBS CD4 Image1_CD4CD8Overlay.png,PBS CD4 Image1_DABStainWithMinThreshold.png,PBS CD4 Image1_HematoxylinStain.png,PBS CD4 Image1.tif,PBS CD4 Image1_NucleiOverlay.png,0,10,14,1,1536,10,b'eLv8+u+TG01QA5mgDPVKMtPAJT/M4cCgATkIsyoBMcAut7NBlMhBqWlUqhhAbgDbDKLBQQ9kQKs2HHUBTSooBVCwFxckJqeSaxowgJArN6jZNvrIgjaQKk/XyEYfWvnpo/oGKIDD16CUbQcA6cMLuA==',3472cd41b33812f0c1d9e285694854f3,1584.06962861963,728.560338257927,0.0,1085.4798401214025,784.197765480738,0.0,1686.1636904761904,689.0554016620499,0.0,1161.4853556485355,776.5258426966292,0.0,file:///C:/Users/Brandon/Desktop/IHC%20of%20lung/W-O%20scale%20bar/PBS%20CD4/PBS%20CD4%20Image1.tif,0,0,0,0,0,0,0,0,0,0,0,0,0,0,0,0,c:\users\brandon\desktop\ihc of lung\analyze lung ihc - 091322 cd4\PBS CD4,c:\users\brandon\desktop\ihc of lung\analyze lung ihc - 091322 cd4\PBS CD4,c:\users\brandon\desktop\ihc of lung\analyze lung ihc - 091322 cd4\PBS CD4,C:\Users\Brandon\Desktop\IHC of lung\W-O scale bar\PBS CD4,c:\users\brandon\desktop\ihc of lung\analyze lung ihc - 091322 cd4\PBS CD4,Done,255,0,386.2264351305354,228.2110418324149,0.0,593.4292406796455,406.246275978608,0.0,0.10603668540716171,0.3299817144870758,0.106036685,0.3299817,-11.979391714304725,-9.292099193470797,0.27307342283670816,0.0829148746725824,file:///C:/users/brandon/desktop/ihc%20of%20lung/analyze%20lung%20ihc%20-%20091322%20cd4/PBS%20CD4/PBS%20CD4%20Image1_CD4CD8Overlay.png,file:///C:/users/brandon/desktop/ihc%20of%20lung/analyze%20lung%20ihc%20-%20091322%20cd4/PBS%20CD4/PBS%20CD4%20Image1_DABStainWithMinThreshold.png,file:///C:/users/brandon/desktop/ihc%20of%20lung/analyze%20lung%20ihc%20-%20091322%20cd4/PBS%20CD4/PBS%20CD4%20Image1_HematoxylinStain.png,file:///C:/Users/Brandon/Desktop/IHC%20of%20lung/W-O%20scale%20bar/PBS%20CD4/PBS%20CD4%20Image1.tif,file:///C:/users/brandon/desktop/ihc%20of%20lung/analyze%20lung%20ihc%20-%20091322%20cd4/PBS%20CD4/PBS%20CD4%20Image1_NucleiOverlay.png,2040
-2,49.0,917.0,0.0,0.0,0.71875,0.0,1.625,0.046875,4.015625,5.21875,0.125,0.15625,3.265625,3.21875,0.1875,0.640625,PBS CD4 Image2_CD4CD8Overlay.png,PBS CD4 Image2_DABStainWithMinThreshold.png,PBS CD4 Image2_HematoxylinStain.png,PBS CD4 Image2.tif,PBS CD4 Image2_NucleiOverlay.png,0,11,14,1,1536,11,b'eLv8+u+TG01QA5mgjPRKMtPAJT/M4cCgATkIsyoBMcAut7NBlMhBqWlUqhhAbgDbDKLBQQ9kQKs2HHUBTSooBVCwFxckJqeSaxowgJArN6jZNvrIgjaQKk/XyEYfWvnpo/oGKIDD16CUbQcA63sLuQ==',2aabb106dd0a815d70c1671912101fd0,785.2017868949716,931.5338270160125,0.0,783.184809661316,812.4830922329936,0.0,856.1661202185792,1041.4587378640776,0.0,736.0759803921569,836.5807743658211,0.0,file:///C:/Users/Brandon/Desktop/IHC%20of%20lung/W-O%20scale%20bar/PBS%20CD4/PBS%20CD4%20Image2.tif,0,0,0,0,0,0,0,0,0,0,0,0,0,0,0,0,c:\users\brandon\desktop\ihc of lung\analyze lung ihc - 091322 cd4\PBS CD4,c:\users\brandon\desktop\ihc of lung\analyze lung ihc - 091322 cd4\PBS CD4,c:\users\brandon\desktop\ihc of lung\analyze lung ihc - 091322 cd4\PBS CD4,C:\Users\Brandon\Desktop\IHC of lung\W-O scale bar\PBS CD4,c:\users\brandon\desktop\ihc of lung\analyze lung ihc - 091322 cd4\PBS CD4,Done,255,0,312.2550143279652,380.8405702040857,0.0,480.56578714624544,446.21068285452066,0.0,0.09948889911174774,0.3154958486557007,0.0994889,0.31549585,-12.076508773607593,-9.187425420417934,0.30942277654505557,0.07207393818477131,file:///C:/users/brandon/desktop/ihc%20of%20lung/analyze%20lung%20ihc%20-%20091322%20cd4/PBS%20CD4/PBS%20CD4%20Image2_CD4CD8Overlay.png,file:///C:/users/brandon/desktop/ihc%20of%20lung/analyze%20lung%20ihc%20-%20091322%20cd4/PBS%20CD4/PBS%20CD4%20Image2_DABStainWithMinThreshold.png,file:///C:/users/brandon/desktop/ihc%20of%20lung/analyze%20lung%20ihc%20-%20091322%20cd4/PBS%20CD4/PBS%20CD4%20Image2_HematoxylinStain.png,file:///C:/Users/Brandon/Desktop/IHC%20of%20lung/W-O%20scale%20bar/PBS%20CD4/PBS%20CD4%20Image2.tif,file:///C:/users/brandon/desktop/ihc%20of%20lung/analyze%20lung%20ihc%20-%20091322%20cd4/PBS%20CD4/PBS%20CD4%20Image2_NucleiOverlay.png,2040
-2,5.0,839.0,0.0,0.0,0.65625,0.0,1.5,0.03125,4.078125,4.8125,0.140625,0.15625,3.0625,3.203125,0.09375,0.515625,PBS CD4 Image3_CD4CD8Overlay.png,PBS CD4 Image3_DABStainWithMinThreshold.png,PBS CD4 Image3_HematoxylinStain.png,PBS CD4 Image3.tif,PBS CD4 Image3_NucleiOverlay.png,0,12,14,1,1536,12,b'eLv8+u+TG01QA5mgjPVKMtPAJT/M4cCgATkIsyoBMcAut7NBlMhBqWlUqhhAbgDbDKLBQQ9kQKs2HHUBTSooBVCwFxckJqeSaxowgJArN6jZNvrIgjaQKk/XyEYfWvnpo/oGKIDD16CUbQcA7TMLug==',e3c19cf06379ed83bb84437d523a9071,1121.284369111231,1110.894286158345,0.0,973.0194925059573,779.020404378645,0.0,972.8637362637363,1188.9278996865203,0.0,926.7171717171717,799.3366960907945,0.0,file:///C:/Users/Brandon/Desktop/IHC%20of%20lung/W-O%20scale%20bar/PBS%20CD4/PBS%20CD4%20Image3.tif,0,0,0,0,0,0,0,0,0,0,0,0,0,0,0,0,c:\users\brandon\desktop\ihc of lung\analyze lung ihc - 091322 cd4\PBS CD4,c:\users\brandon\desktop\ihc of lung\analyze lung ihc - 091322 cd4\PBS CD4,c:\users\brandon\desktop\ihc of lung\analyze lung ihc - 091322 cd4\PBS CD4,C:\Users\Brandon\Desktop\IHC of lung\W-O scale bar\PBS CD4,c:\users\brandon\desktop\ihc of lung\analyze lung ihc - 091322 cd4\PBS CD4,Done,255,0,669.4230433033885,221.54336151458236,0.0,603.9227427118723,450.0895591601188,0.0,0.06988885998725891,0.3429023027420044,0.06988886,0.3429023,-12.214401098999177,-10.950655268864018,0.04192919782058762,0.05464107768942388,file:///C:/users/brandon/desktop/ihc%20of%20lung/analyze%20lung%20ihc%20-%20091322%20cd4/PBS%20CD4/PBS%20CD4%20Image3_CD4CD8Overlay.png,file:///C:/users/brandon/desktop/ihc%20of%20lung/analyze%20lung%20ihc%20-%20091322%20cd4/PBS%20CD4/PBS%20CD4%20Image3_DABStainWithMinThreshold.png,file:///C:/users/brandon/desktop/ihc%20of%20lung/analyze%20lung%20ihc%20-%20091322%20cd4/PBS%20CD4/PBS%20CD4%20Image3_HematoxylinStain.png,file:///C:/Users/Brandon/Desktop/IHC%20of%20lung/W-O%20scale%20bar/PBS%20CD4/PBS%20CD4%20Image3.tif,file:///C:/users/brandon/desktop/ihc%20of%20lung/analyze%20lung%20ihc%20-%20091322%20cd4/PBS%20CD4/PBS%20CD4%20Image3_NucleiOverlay.png,2040
-2,17.0,894.0,0.0,0.0,0.4375,0.0,1.765625,0.0625,4.0,4.9375,0.125,0.125,2.859375,3.09375,0.125,0.484375,PBS CD4 Image4_CD4CD8Overlay.png,PBS CD4 Image4_DABStainWithMinThreshold.png,PBS CD4 Image4_HematoxylinStain.png,PBS CD4 Image4.tif,PBS CD4 Image4_NucleiOverlay.png,0,13,14,1,1536,13,b'eLv8+u+TG01QA5mgTPRKMtPAJT/M4cCgATkIsyoBMcAut7NBlMhBqWlUqhhAbgDbDKLBQQ9kQKs2HHUBTSooBVCwFxckJqeSaxowgJArN6jZNvrIgjaQKk/XyEYfWvnpo/oGKIDD16CUbQcA7usLuw==',b415080278a15011b79bb6f5614e0eaa,913.3582831849172,776.6164911701735,0.0,1079.6910257253066,813.7480431087619,0.0,836.4170212765957,881.415306122449,0.0,1142.928314641866,821.3089058524173,0.0,file:///C:/Users/Brandon/Desktop/IHC%20of%20lung/W-O%20scale%20bar/PBS%20CD4/PBS%20CD4%20Image4.tif,0,0,0,0,0,0,0,0,0,0,0,0,0,0,0,0,c:\users\brandon\desktop\ihc of lung\analyze lung ihc - 091322 cd4\PBS CD4,c:\users\brandon\desktop\ihc of lung\analyze lung ihc - 091322 cd4\PBS CD4,c:\users\brandon\desktop\ihc of lung\analyze lung ihc - 091322 cd4\PBS CD4,C:\Users\Brandon\Desktop\IHC of lung\W-O scale bar\PBS CD4,c:\users\brandon\desktop\ihc of lung\analyze lung ihc - 091322 cd4\PBS CD4,Done,255,0,628.0067118233187,419.71521633260727,0.0,611.8210882105094,437.0976434976867,0.0,0.0779666155576706,0.355934739112854,0.077966616,0.35593474,-12.127422553267209,-11.743968015859888,0.07386306907049883,0.058871477678176055,file:///C:/users/brandon/desktop/ihc%20of%20lung/analyze%20lung%20ihc%20-%20091322%20cd4/PBS%20CD4/PBS%20CD4%20Image4_CD4CD8Overlay.png,file:///C:/users/brandon/desktop/ihc%20of%20lung/analyze%20lung%20ihc%20-%20091322%20cd4/PBS%20CD4/PBS%20CD4%20Image4_DABStainWithMinThreshold.png,file:///C:/users/brandon/desktop/ihc%20of%20lung/analyze%20lung%20ihc%20-%20091322%20cd4/PBS%20CD4/PBS%20CD4%20Image4_HematoxylinStain.png,file:///C:/Users/Brandon/Desktop/IHC%20of%20lung/W-O%20scale%20bar/PBS%20CD4/PBS%20CD4%20Image4.tif,file:///C:/users/brandon/desktop/ihc%20of%20lung/analyze%20lung%20ihc%20-%20091322%20cd4/PBS%20CD4/PBS%20CD4%20Image4_NucleiOverlay.png,2040
-2,33.0,1062.0,0.0,0.0,0.5,0.0,0.625,0.015625,3.5,5.453125,0.15625,0.140625,3.390625,3.625,0.15625,0.609375,PBS CD4 Image5_CD4CD8Overlay.png,PBS CD4 Image5_DABStainWithMinThreshold.png,PBS CD4 Image5_HematoxylinStain.png,PBS CD4 Image5.tif,PBS CD4 Image5_NucleiOverlay.png,0,14,14,1,1536,14,b'eLv8+u+TG01QA5mgTPVKMtPAJT/M4cCgATkIsyoBMcAut7NBlMhBqWlUqhhAbgDbDKLBQQ9kQKs2HHUBTSooBVCwFxckJqeSaxowgJArN6jZNvrIgjaQKk/XyEYfWvnpo/oGKIDD16CUbQcA8KMLvA==',f28e2c8361a78f3c5d050055af75c39a,1136.193768027568,835.2361767720945,0.0,1031.6473128645093,800.2945801706103,0.0,1113.0931372549019,918.8242924528302,0.0,1009.3781484551273,816.4452396496995,0.0,file:///C:/Users/Brandon/Desktop/IHC%20of%20lung/W-O%20scale%20bar/PBS%20CD4/PBS%20CD4%20Image5.tif,0,0,0,0,0,0,0,0,0,0,0,0,0,0,0,0,c:\users\brandon\desktop\ihc of lung\analyze lung ihc - 091322 cd4\PBS CD4,c:\users\brandon\desktop\ihc of lung\analyze lung ihc - 091322 cd4\PBS CD4,c:\users\brandon\desktop\ihc of lung\analyze lung ihc - 091322 cd4\PBS CD4,C:\Users\Brandon\Desktop\IHC of lung\W-O scale bar\PBS CD4,c:\users\brandon\desktop\ihc of lung\analyze lung ihc - 091322 cd4\PBS CD4,Done,255,0,507.25438760295816,459.81272430395956,0.0,595.524230790532,430.4168488698893,0.0,0.08270609378814697,0.3283955156803131,0.082706094,0.32839552,-12.12643234933887,-9.737217923475939,0.1573859814690128,0.068979566603339,file:///C:/users/brandon/desktop/ihc%20of%20lung/analyze%20lung%20ihc%20-%20091322%20cd4/PBS%20CD4/PBS%20CD4%20Image5_CD4CD8Overlay.png,file:///C:/users/brandon/desktop/ihc%20of%20lung/analyze%20lung%20ihc%20-%20091322%20cd4/PBS%20CD4/PBS%20CD4%20Image5_DABStainWithMinThreshold.png,file:///C:/users/brandon/desktop/ihc%20of%20lung/analyze%20lung%20ihc%20-%20091322%20cd4/PBS%20CD4/PBS%20CD4%20Image5_HematoxylinStain.png,file:///C:/Users/Brandon/Desktop/IHC%20of%20lung/W-O%20scale%20bar/PBS%20CD4/PBS%20CD4%20Image5.tif,file:///C:/users/brandon/desktop/ihc%20of%20lung/analyze%20lung%20ihc%20-%20091322%20cd4/PBS%20CD4/PBS%20CD4%20Image5_NucleiOverlay.png,2040
